,Train_pearson,Train_r2,Train_binary_acc,Train_precision,Train_recall,Train_f1,Train_auc,Train_mcc,Train_sensitivity,Train_specificity,Valid_pearson,Valid_r2,Valid_binary_acc,Valid_precision,Valid_recall,Valid_f1,Valid_auc,Valid_mcc,Valid_sensitivity,Valid_specificity
0,"(0.6539934981485112, 0.0)",0.2677951415939781,0.8267487046632125,0.7305039787798409,0.8702338318938276,0.7942703326283407,0.8349196772881368,0.6539934981485107,0.8702338318938276,0.7996055226824458,"(0.6656012953966761, 0.0)",0.2871651152102801,0.8323567708333334,0.7312365975696926,0.8803786574870912,0.798906677079266,0.8417600093718179,0.6656012953966761,0.8803786574870912,0.8031413612565445
0,"(0.6854684643210567, 0.0)",0.378785669888259,0.8536269430051814,0.8452523319779957,0.7527156549520767,0.7963046417305092,0.8341089049215131,0.685468464321057,0.7527156549520767,0.9155021548909494,"(0.6719720688513793, 0.0)",0.3507259528130672,0.8447265625,0.8462980318650422,0.7425986842105263,0.7910643889618922,0.8271183076225045,0.6719720688513793,0.7425986842105263,0.9116379310344828
0,"(0.6174826873933912, 0.0)",0.2377242474850808,0.820110103626943,0.7696969696969697,0.7543487484089945,0.7619455753160488,0.8075226329109648,0.6174826873933911,0.7543487484089945,0.8606965174129353,"(0.6083839842062151, 1.67090136402086e-310)",0.22324786324786328,0.8151041666666666,0.7786596119929453,0.7358333333333333,0.7566409597257926,0.8008760683760684,0.6083839842062155,0.7358333333333333,0.8659188034188035
0,"(0.6735324090937602, 0.0)",0.3170056861221304,0.838163860103627,0.7506342877854295,0.8692549842602308,0.8056014781678499,0.8439460633703949,0.67353240909376,0.8692549842602308,0.8186371424805589,"(0.6615970305056714, 0.0)",0.2901763142013668,0.833984375,0.7387387387387387,0.8586387434554974,0.7941888619854721,0.8389766926000228,0.6615970305056711,0.8586387434554974,0.8193146417445483
0,"(0.6770731611921889, 0.0)",0.36065768959253974,0.8487694300518135,0.872505830526043,0.7098882563778199,0.7828411997209951,0.822613992822896,0.6770731611921887,0.7098882563778199,0.9353397292679722,"(0.6858946803055371, 0.0)",0.3795572468608519,0.8538411458333334,0.8640973630831643,0.7300771208226221,0.7914537854156991,0.8298679567367704,0.6858946803055379,0.7300771208226221,0.9296587926509187
