,Train_pearson,Train_r2,Train_binary_acc,Train_precision,Train_recall,Train_f1,Train_auc,Train_mcc,Train_sensitivity,Train_specificity,Valid_pearson,Valid_r2,Valid_binary_acc,Valid_precision,Valid_recall,Valid_f1,Valid_auc,Valid_mcc,Valid_sensitivity,Valid_specificity
0,"(0.7592004549293336, 0.0)",0.4971987651014689,0.8813147668393783,0.9939228198116075,0.6934492262030952,0.816933066933067,0.8454148554067211,0.759200454929334,0.6934492262030952,0.9973804846103471,"(0.7495312518954796, 0.0)",0.4735042735042735,0.8746744791666666,0.9951397326852977,0.6825,0.8096885813148789,0.840181623931624,0.7495312518954802,0.6825,0.9978632478632479
0,"(0.7547746136815209, 0.0)",0.4887276091591065,0.8794527202072538,0.9920391916717698,0.6889219647033809,0.8131509599698834,0.8427614137806354,0.7547746136815207,0.6889219647033809,0.99660086285789,"(0.7670267141845308, 0.0)",0.5106437452494176,0.8831380208333334,0.9953488372093023,0.7068538398018167,0.8266537904394013,0.8523522288745784,0.7670267141845298,0.7068538398018167,0.9978506179473401
0,"(0.7578535724374209, 0.0)",0.4939782566148956,0.8803432642487047,0.9936421435059037,0.6925511711331505,0.8162148719224074,0.8448963658108941,0.7578535724374208,0.6925511711331505,0.9972415604886379,"(0.7541479069189705, 0.0)",0.48576013844035604,0.8785807291666666,0.9950556242274413,0.6856899488926746,0.8119011598587998,0.8417912336665693,0.7541479069189714,0.6856899488926746,0.9978925184404637
0,"(0.7556090361803243, 0.0)",0.4890240048986644,0.8788860103626943,0.9924766777008727,0.6915495911092472,0.8151260504201681,0.8441263714480695,0.7556090361803242,0.6915495911092472,0.9967031517868917,"(0.7678273525231393, 0.0)",0.5191464500030032,0.8880208333333334,0.9925187032418953,0.7019400352733686,0.8223140495867768,0.8494220300205853,0.7678273525231383,0.7019400352733686,0.9969040247678018
0,"(0.7589377895129978, 0.0)",0.4957703815215885,0.8807480569948186,0.9948516050878256,0.692891794979962,0.8168593808280493,0.8453290928650959,0.7589377895129977,0.692891794979962,0.9977663907502299,"(0.7514390300545606, 0.0)",0.4819845746517787,0.8779296875,0.9913258983890955,0.684931506849315,0.810126582278481,0.8406275181305399,0.7514390300545601,0.684931506849315,0.9963235294117647
