,Train_pearson,Train_r2,Train_binary_acc,Train_precision,Train_recall,Train_f1,Train_auc,Train_mcc,Train_sensitivity,Train_specificity,Valid_pearson,Valid_r2,Valid_binary_acc,Valid_precision,Valid_recall,Valid_f1,Valid_auc,Valid_mcc,Valid_sensitivity,Valid_specificity
0,"(0.7300598640257978, 0.0)",0.4611257799379387,0.8729760362694301,0.9158034528552457,0.7336170212765958,0.8146485528647373,0.846094971694231,0.7300598640257984,0.7336170212765958,0.9585729221118662,"(0.7171428979384458, 0.0)",0.43125432045488143,0.8642578125,0.9203821656050956,0.71712158808933,0.806136680613668,0.8384319695680145,0.7171428979384464,0.71712158808933,0.9597423510466989
0,"(0.7205022279064209, 0.0)",0.4461851841888287,0.8692519430051814,0.8853028798411122,0.755668573850392,0.8153652680919171,0.8475709566487647,0.720502227906421,0.755668573850392,0.9394733394471374,"(0.7180271724000958, 0.0)",0.4403522088963109,0.8671875,0.8878968253968254,0.7521008403361344,0.8143767060964513,0.846029166182945,0.7180271724000958,0.7521008403361344,0.9399574920297555
0,"(0.7224973024422449, 0.0)",0.44888606693465705,0.8694948186528497,0.8938141748059103,0.7502627706537733,0.8157714285714286,0.8472182846027261,0.7224973024422449,0.7502627706537733,0.9441737985516787,"(0.7334500146699477, 0.0)",0.47156345038322345,0.8759765625,0.8966223132036848,0.7577854671280276,0.821378340365682,0.8525357398270618,0.7334500146699477,0.7577854671280276,0.947286012526096
0,"(0.7295874152372137, 0.0)",0.4632914393250521,0.8732189119170984,0.895,0.7575116377486246,0.8205363282145313,0.8512184467263972,0.7295874152372138,0.7575116377486246,0.94492525570417,"(0.7341292942950385, 0.0)",0.4721193616824191,0.875,0.8951533135509396,0.7650042265426881,0.8249772105742935,0.8544449401638797,0.734129294295039,0.7650042265426881,0.9438856537850715
0,"(0.6879437195142796, 0.0)",0.3413998508221372,0.8439928756476683,0.7528551034975017,0.8861583700903172,0.8140858658948383,0.8518527326673426,0.6879437195142796,0.8861583700903172,0.8175470952443683,"(0.7227174798426722, 0.0)",0.4154393175775962,0.86328125,0.7725225225225225,0.8979057591623036,0.8305084745762712,0.8702924434440802,0.722717479842672,0.8979057591623036,0.8426791277258567
