,Train_pearson,Train_r2,Train_binary_acc,Train_precision,Train_recall,Train_f1,Train_auc,Train_mcc,Train_sensitivity,Train_specificity,Valid_pearson,Valid_r2,Valid_binary_acc,Valid_precision,Valid_recall,Valid_f1,Valid_auc,Valid_mcc,Valid_sensitivity,Valid_specificity
0,"(0.7574001196604205, 0.0)",0.49236564199052335,0.8800194300518135,0.9954282231027126,0.6900485949714769,0.8150736211629648,0.8440399163333563,0.7574001196604206,0.6900485949714769,0.9980312376952356,"(0.7575194310380036, 0.0)",0.4946852091225439,0.8805338541666666,0.9903264812575574,0.6952461799660441,0.8169576059850374,0.8455111575648594,0.757519431038003,0.6952461799660441,0.9957761351636748
0,"(0.756489894990933, 0.0)",0.4916823274633688,0.8801003886010362,0.9935760171306209,0.6898895497026338,0.8143412310392377,0.8435711484776905,0.7564898949909328,0.6898895497026338,0.9972527472527473,"(0.758611033115773, 0.0)",0.4923449434578798,0.8792317708333334,0.9975932611311673,0.6919866444073456,0.8171513060620996,0.8454597042741104,0.7586110331157719,0.6919866444073456,0.9989327641408752
0,"(0.7556462293600934, 0.0)",0.48847492707327744,0.8786431347150259,0.9933854479855683,0.6910688140556369,0.8150980634019982,0.844081494598813,0.7556462293600933,0.6910688140556369,0.9970941751419892,"(0.7624283646155656, 0.0)",0.5056561060188809,0.8850911458333334,0.9987146529562982,0.6882196634189548,0.8148925013109597,0.84385249768992,0.7624283646155658,0.6882196634189548,0.9994853319608852
0,"(0.7584712027484952, 0.0)",0.49464178697864747,0.8804242227979274,0.9948547215496368,0.6924373288392669,0.8165445286299838,0.8451009786865631,0.7584712027484952,0.6924373288392669,0.9977646285338593,"(0.7524381189375842, 0.0)",0.48353664265193796,0.8782552083333334,0.9925650557620818,0.6852010265183918,0.8107287449392712,0.8410240550353387,0.7524381189375825,0.6852010265183918,0.9968470835522859
0,"(0.7579597309909433, 0.0)",0.49448198172837377,0.8808290155440415,0.9947900704872816,0.6904913848117422,0.8151682571572074,0.8441347265190589,0.757959730990943,0.6904913848117422,0.9977780682263756,"(0.7546557269176143, 0.0)",0.48474466769994384,0.876953125,0.9928994082840237,0.6928158546655656,0.816147859922179,0.844795890793288,0.7546557269176146,0.6928158546655656,0.9967759269210102
