,Train_pearson,Train_r2,Train_binary_acc,Train_precision,Train_recall,Train_f1,Train_auc,Train_mcc,Train_sensitivity,Train_specificity,Valid_pearson,Valid_r2,Valid_binary_acc,Valid_precision,Valid_recall,Valid_f1,Valid_auc,Valid_mcc,Valid_sensitivity,Valid_specificity
0,"(0.6625190390044209, 0.0)",0.3062270225875794,0.8363827720207254,0.7576280944156591,0.8389290267743307,0.7962085308056873,0.8368723083126165,0.6625190390044209,0.8389290267743307,0.8348155898509024,"(0.6479105081406009, 0.0)",0.2768590490924049,0.828125,0.7516981132075472,0.8334728033472804,0.7904761904761906,0.8290965508478543,0.6479105081406012,0.8334728033472804,0.8247202983484283
0,"(0.7110354808763305, 0.0)",0.42577616923970507,0.8643134715025906,0.8366402116402116,0.8023255813953488,0.8191236779624433,0.8525535017971234,0.7110354808763303,0.8023255813953488,0.9027814221988979,"(0.698783468980836, 0.0)",0.40120064592390214,0.8580729166666666,0.8289473684210527,0.7967959527824621,0.8125537403267412,0.846701263771931,0.6987834689808352,0.7967959527824621,0.8966065747613998
0,"(0.7510163316126168, 0.0)",0.49238759407226274,0.8799384715025906,0.9591434206818822,0.7178405735976381,0.8211313472439994,0.8493933485596601,0.751016331612617,0.7178405735976381,0.980946123521682,"(0.7458802281073055, 0.0)",0.4823262962064224,0.8779296875,0.9584775086505191,0.7102564102564103,0.8159057437407954,0.8456644827307288,0.7458802281073048,0.7102564102564103,0.9810725552050473
0,"(0.6809152103039869, 0.0)",0.3346451653763144,0.8424546632124352,0.757420300476365,0.8692178301093356,0.8094771881730958,0.847457782879839,0.6809152103039872,0.8692178301093356,0.8256977356503423,"(0.7081555187220367, 0.0)",0.38813486982501066,0.8564453125,0.7680180180180181,0.8857142857142857,0.8226779252110977,0.8622624636709144,0.7081555187220373,0.8857142857142857,0.838810641627543
0,"(0.7177327300423741, 0.0)",0.43730778385867564,0.866985103626943,0.9068421052631579,0.7277719112988384,0.8074985354422964,0.8406484605726173,0.7177327300423745,0.7277719112988384,0.9535250098463962,"(0.7183729632632722, 0.0)",0.43619907071683717,0.8665364583333334,0.9168466522678186,0.7182741116751269,0.8055028462998102,0.8387666854671931,0.7183729632632726,0.7182741116751269,0.9592592592592593
