,Train_pearson,Train_r2,Train_binary_acc,Train_precision,Train_recall,Train_f1,Train_auc,Train_mcc,Train_sensitivity,Train_specificity,Valid_pearson,Valid_r2,Valid_binary_acc,Valid_precision,Valid_recall,Valid_f1,Valid_auc,Valid_mcc,Valid_sensitivity,Valid_specificity
0,"(0.7563423451369488, 0.0)",0.49092921254736144,0.879776554404145,0.9938987187309335,0.6898157950455219,0.8143982002249719,0.8435971097393031,0.7563423451369486,0.6898157950455219,0.9973784244330843,"(0.7617041539535958, 0.0)",0.5003967488043921,0.8815104166666666,0.9963855421686747,0.6961279461279462,0.819623389494549,0.847267794720024,0.7617041539535957,0.6961279461279462,0.9984076433121019
0,"(0.7581488838979406, 0.0)",0.49389756753493796,0.8803432642487047,0.9954393432654303,0.6911547392864682,0.8158484923997009,0.844592471416051,0.7581488838979406,0.6911547392864682,0.9980302035456337,"(0.7539055176573406, 0.0)",0.4876793968552646,0.8792317708333334,0.9901719901719902,0.6894781864841745,0.8129097327281896,0.8426371489436112,0.7539055176573406,0.6894781864841745,0.9957961114030478
0,"(0.7601866822292059, 0.0)",0.49887377478551653,0.8815576424870466,0.9942563482466747,0.6949080921191633,0.8180574555403557,0.8462071632665642,0.7601866822292062,0.6949080921191633,0.9975062344139651,"(0.7473807431939734, 0.0)",0.47145621141464045,0.8753255208333334,0.9949748743718593,0.6763450042698548,0.8052872394509405,0.8371204242811662,0.7473807431939736,0.6763450042698548,0.9978958442924777
0,"(0.757938538911397, 0.0)",0.4937520975112084,0.8801003886010362,0.9936746987951808,0.6932128598445052,0.8166852333209556,0.8452235772948327,0.7579385389113966,0.6932128598445052,0.99723429474516,"(0.7528717071338314, 0.0)",0.4836909475677834,0.87890625,0.9974554707379135,0.6793760831889082,0.8082474226804124,0.8391666651606688,0.7528717071338309,0.6793760831889082,0.9989572471324296
0,"(0.7547213011312319, 0.0)",0.48743803874106484,0.8791288860103627,0.9947627849661121,0.6862911795961743,0.8122248773739152,0.842034042786187,0.7547213011312317,0.6862911795961743,0.9977769059761998,"(0.770934514314721, 0.0)",0.5210801353376224,0.8860677083333334,0.9930232558139535,0.7128547579298832,0.8299319727891157,0.8548265251762543,0.7709345143147205,0.7128547579298832,0.9967982924226254
