,Train_pearson,Train_r2,Train_binary_acc,Train_precision,Train_recall,Train_f1,Train_auc,Train_mcc,Train_sensitivity,Train_specificity,Valid_pearson,Valid_r2,Valid_binary_acc,Valid_precision,Valid_recall,Valid_f1,Valid_auc,Valid_mcc,Valid_sensitivity,Valid_specificity
0,"(0.050693014556966315, 1.7298489835976478e-08)",-0.9704522334393832,0.5337597150259067,0.4110094970102005,0.4923109332209817,0.4480015335953226,0.5259713771956321,0.05069301455696634,0.4923109332209817,0.5596318211702828,"(0.060091259929663146, 0.0008614632799914006)",-0.9557974605978139,0.5400390625,0.4101646385110952,0.49311531841652323,0.447831184056272,0.5308508529255391,0.060091259929663125,0.49311531841652323,0.5685863874345549
0,"(0.07469764827116139, 9.359804060852759e-17)",-0.8007656549312139,0.575696243523316,0.43222442899702085,0.3708200212992545,0.39917459589590737,0.5360695378796129,0.07469764827116136,0.3708200212992545,0.7013190544599712,"(0.08706218714551693, 1.347000021501313e-06)",-0.7735934664246822,0.5758463541666666,0.4568023833167825,0.3782894736842105,0.4138551506972559,0.5417848230490019,0.08706218714551697,0.3782894736842105,0.7052801724137931
0,"(0.05704243177807699, 2.2359234228589515e-10)",-0.7550867461144584,0.5858160621761658,0.43135245901639346,0.2679253288078065,0.3305417429992148,0.5249681632255844,0.057042431778076975,0.2679253288078065,0.7820109976433621,"(0.024779714177498927, 0.16972653452304132)",-0.8105982905982907,0.5690104166666666,0.4126760563380282,0.24416666666666667,0.30680628272251315,0.5107051282051281,0.02477971417749898,0.24416666666666667,0.7772435897435898
0,"(0.017617045887476552, 0.05024123568654569)",-1.2280169688832352,0.4720693005181347,0.3919517597834113,0.6684155299055614,0.49414320068264683,0.508584989152069,0.01761704588747656,0.6684155299055614,0.3487544483985765,"(0.005945698019539291, 0.7418436728204305)",-1.2811784725959998,0.4664713541666667,0.37518987341772153,0.6465968586387435,0.474847805190644,0.5029453659756542,0.005945698019539224,0.6465968586387435,0.3592938733125649
0,"(0.07448104359978079, 1.1471861534480316e-16)",-0.8057655405298503,0.5728626943005182,0.43523693803159175,0.3776091081593928,0.40438022126890943,0.5360906626353542,0.07448104359978082,0.3776091081593928,0.6945722171113156,"(0.05829395165092262, 0.0012274963438236302)",-0.8323097787583751,0.568359375,0.4205794205794206,0.3607540702656384,0.3883763837638376,0.5281460640042103,0.058293951650922604,0.3607540702656384,0.6955380577427821
