,Train_pearson,Train_r2,Train_binary_acc,Train_precision,Train_recall,Train_f1,Train_auc,Train_mcc,Train_sensitivity,Train_specificity,Valid_pearson,Valid_r2,Valid_binary_acc,Valid_precision,Valid_recall,Valid_f1,Valid_auc,Valid_mcc,Valid_sensitivity,Valid_specificity
0,"(0.16326922241632708, 1.5288197600084113e-74)",-0.7848414914133397,0.5786917098445595,0.46078273473989373,0.6065295738817045,0.5237049240344134,0.5840113488269033,0.16326922241632705,0.6065295738817045,0.5614931237721021,"(0.17145265788478298, 1.0695987770347298e-21)",-0.7517948717948717,0.5830078125,0.47378640776699027,0.61,0.5333333333333333,0.587852564102564,0.17145265788478284,0.61,0.5657051282051282
0,"(0.004165359133109562, 0.6434422802773175)",-1.470863750497696,0.4174222797927461,0.3815901966372186,0.8541356580905805,0.5275114904793171,0.5015220060618937,0.004165359133109562,0.8541356580905805,0.14890835403320696,"(-0.002149883334083936, 0.9051879927495287)",-1.4140666494798926,0.4235026041666667,0.3937784522003035,0.8571428571428571,0.5396412789186379,0.49923236355262146,-0.0021498833340839866,0.8571428571428571,0.14132186996238583
0,"(0.0023025235738470206, 0.7980466801393598)",-1.1719904871685403,0.48639896373056996,0.3846485554118154,0.5646760920025322,0.4575923392612859,0.5011742472359961,0.0023025235738470175,0.5646760920025322,0.43767240246946015,"(-0.04091915284962227, 0.023329419771002672)",-1.2692729547645416,0.4641927083333333,0.36483390607101945,0.5425894378194208,0.43630136986301377,0.4791450877189833,-0.040919152849622206,0.5425894378194208,0.4157007376185458
0,"(0.17821259738033424, 1.1219989723193363e-88)",-0.7890991058427781,0.5759391191709845,0.46522319442384696,0.6577898930593415,0.5449965253648367,0.5911262534003024,0.17821259738033418,0.6577898930593415,0.5244626137412634,"(0.18477797564643283, 5.358455394222755e-25)",-0.8255660938839473,0.5748697916666666,0.4493521790341578,0.6728395061728395,0.5388418079096046,0.5951916829109811,0.18477797564643308,0.6728395061728395,0.5175438596491229
0,"(0.07586286172899133, 3.101459901879006e-17)",-0.7006196501023412,0.5977979274611399,0.4558193849746983,0.24699430499894537,0.3203830369357045,0.5316563957001034,0.07586286172899129,0.24699430499894537,0.8163184864012614,"(0.020009044977207815, 0.2675710662189931)",-0.7930240589386435,0.5774739583333334,0.39906832298136646,0.22003424657534246,0.28366445916114785,0.508388972027167,0.020009044977207822,0.22003424657534246,0.7967436974789915
