,Train_pearson,Train_r2,Train_binary_acc,Train_precision,Train_recall,Train_f1,Train_auc,Train_mcc,Train_sensitivity,Train_specificity,Valid_pearson,Valid_r2,Valid_binary_acc,Valid_precision,Valid_recall,Valid_f1,Valid_auc,Valid_mcc,Valid_sensitivity,Valid_specificity
0,"(0.10164697086718781, 9.845655609184596e-30)",-0.6767265406902381,0.6047603626943006,0.4689631650750341,0.2925531914893617,0.3603249475890985,0.5445384880604154,0.10164697086718778,0.2925531914893617,0.7965237846314689,"(0.08880577122547538, 8.229077354723211e-07)",-0.7103287341716513,0.591796875,0.4699599465954606,0.29114971050454924,0.35955056179775285,0.5390262776892043,0.08880577122547545,0.29114971050454924,0.7869028448738594
0,"(0.11706850829209078, 5.987571992400051e-39)",-0.6806479333068425,0.6032221502590673,0.47356188262638,0.3454121635939818,0.3994608503859821,0.5540109422712474,0.11706850829209081,0.3454121635939818,0.762609720948513,"(0.10763682911767336, 2.2205400877060653e-09)",-0.7022620312737211,0.5960286458333334,0.4707233065442021,0.3445378151260504,0.3978651140223192,0.5497928182962877,0.10763682911767336,0.3445378151260504,0.7550478214665249
0,"(0.02056416589734904, 0.02228337751504643)",-0.8304367230966789,0.5665479274611399,0.40254652301665034,0.25919697288206855,0.31534526854219946,0.5091244903910013,0.020564165897349045,0.25919697288206855,0.7590520078999342,"(0.034338002573349014, 0.05704160431896709)",-0.8127731505226428,0.5745442708333334,0.404551201011378,0.2768166089965398,0.32871083718541344,0.5154959871705037,0.03433800257334906,0.2768166089965398,0.7541753653444676
0,"(0.0371409131695693, 3.6461201471730035e-05)",-0.8291274510358857,0.5679242227979274,0.41157742402315484,0.30088870080406266,0.34763476347634764,0.5171503561717664,0.0371409131695693,0.30088870080406266,0.7334120115394702,"(0.04228315334788001, 0.019095335891253028)",-0.817339072541255,0.5696614583333334,0.418331374853114,0.30092983939137785,0.3500491642084562,0.5194432150900774,0.04228315334788002,0.30092983939137785,0.7379565907887772
0,"(0.06667746294590116, 1.1889396538955744e-13)",-0.7611658374226917,0.5828205958549223,0.4397293972939729,0.3003570678428901,0.3569200049918882,0.5301679951255025,0.06667746294590116,0.3003570678428901,0.7599789224081148,"(0.06774770111993132, 0.00017144925137623865)",-0.7550738584158363,0.5895182291666666,0.4282147315855181,0.29930191972076786,0.352336928608115,0.5307516867555033,0.06774770111993136,0.29930191972076786,0.7622014537902388
