,Train_pearson,Train_r2,Train_binary_acc,Train_precision,Train_recall,Train_f1,Train_auc,Train_mcc,Train_sensitivity,Train_specificity,Valid_pearson,Valid_r2,Valid_binary_acc,Valid_precision,Valid_recall,Valid_f1,Valid_auc,Valid_mcc,Valid_sensitivity,Valid_specificity
0,"(0.06985859423355419, 7.679178384695107e-15)",-0.9162002770490509,0.5480893782383419,0.41930729550478996,0.4836379090522737,0.4491809749358595,0.5356981070241751,0.06985859423355417,0.4836379090522737,0.5877583049960764,"(0.06945399626110099, 0.00011686194499574147)",-0.895505825863848,0.5494791666666666,0.4281368821292776,0.4711297071129707,0.44860557768924303,0.5352451945261177,0.06945399626110098,0.4711297071129707,0.5993606819392648
0,"(0.05412367226177416, 1.7540709781304692e-09)",-0.843272201366579,0.5644430051813472,0.42038216560509556,0.3627906976744186,0.38946890603722195,0.526186742172292,0.054123672261774156,0.3627906976744186,0.6895827866701653,"(0.0437797134096546, 0.015237103610235123)",-0.87330807100871,0.5559895833333334,0.4155597722960152,0.36930860033726814,0.3910714285714286,0.5213457105609989,0.0437797134096546,0.36930860033726814,0.6733828207847296
0,"(0.04711748424476237, 1.6145275797530267e-07)",-0.7668882261624945,0.5820919689119171,0.4258997882851094,0.2545339519190215,0.3186378035902851,0.5203681586139128,0.04711748424476236,0.2545339519190215,0.7862023653088042,"(0.0282400720148321, 0.1176066545926779)",-0.7987435627814177,0.5758463541666666,0.40594059405940597,0.2452991452991453,0.3058071390516782,0.5122394780123487,0.028240072014832123,0.2452991452991453,0.7791798107255521
0,"(0.1510517893387637, 5.993207939039605e-64)",-0.883918365250004,0.5539183937823834,0.447463768115942,0.6751471825063078,0.5382165605095541,0.5765809635543651,0.15105178933876376,0.6751471825063078,0.4780147446024223,"(0.14944292910848675, 8.33425284538719e-17)",-0.9410415354077326,0.5445963541666666,0.4344086021505376,0.6995670995670996,0.5359867330016583,0.5753964866640923,0.14944292910848683,0.6995670995670996,0.45122587376108503
0,"(0.05429500746552063, 1.5587564704644192e-09)",-0.7685591017369442,0.5819300518134715,0.4295103516266842,0.2760295670538543,0.33607611211108257,0.5240591579525541,0.05429500746552065,0.2760295670538543,0.7720887488512538,"(0.07284968648759194, 5.311791108646444e-05)",-0.7367818870356941,0.5888671875,0.44664031620553357,0.2868020304568528,0.3493044822256569,0.5322899041173154,0.0728496864875919,0.2868020304568528,0.7777777777777778
