,Train_pearson,Train_r2,Train_binary_acc,Train_precision,Train_recall,Train_f1,Train_auc,Train_mcc,Train_sensitivity,Train_specificity,Valid_pearson,Valid_r2,Valid_binary_acc,Valid_precision,Valid_recall,Valid_f1,Valid_auc,Valid_mcc,Valid_sensitivity,Valid_specificity
0,"(0.11504501366568745, 1.1521452135414365e-37)",-0.853722948058917,0.5628238341968912,0.4402753872633391,0.5435614109647259,0.4864967668314949,0.5591204909911256,0.11504501366568747,0.5435614109647259,0.5746795710175255,"(0.13927768449212669, 8.887981580871803e-15)",-0.7914173556574517,0.57421875,0.4609536973047685,0.5581589958158996,0.5049205147615443,0.5713011281690047,0.1392776844921268,0.5581589958158996,0.5844432605221097
0,"(0.08094285826420197, 2.0637895658694537e-19)",-0.6959474715175773,0.5992551813471503,0.45836487509462526,0.25602536997885833,0.3285404232230059,0.5341396857766242,0.08094285826420197,0.25602536997885833,0.8122540015743899,"(0.09711367598591544, 6.923428101929934e-08)",-0.6782862630297972,0.6022135416666666,0.47391304347826085,0.275716694772344,0.3486140724946695,0.5416229285102441,0.09711367598591539,0.275716694772344,0.8075291622481442
0,"(0.06258346982613829, 3.3638339034106244e-12)",-0.6898735320736606,0.6003076424870466,0.4522760646108664,0.1948544917756221,0.27236551215917465,0.5239055638904392,0.06258346982613829,0.1948544917756221,0.8529566360052563,"(0.015249968781873157, 0.39814199418041857)",-0.7669929089487448,0.5833333333333334,0.3970037453183521,0.1811965811965812,0.24882629107981222,0.5059505513764189,0.015249968781873166,0.1811965811965812,0.8307045215562566
0,"(0.19413462014888025, 3.4841306451848864e-105)",-0.8240842973881617,0.568086139896373,0.46129161652627354,0.7253994953742641,0.5639558643236616,0.5974943764391067,0.19413462014888028,0.7253994953742641,0.4695892575039494,"(0.2045256925117935, 2.2815142766293084e-30)",-0.8494698832727001,0.5660807291666666,0.4533542976939203,0.7489177489177489,0.5648057460006529,0.6024192291797925,0.2045256925117936,0.7489177489177489,0.4559207094418362
0,"(0.044625196698017185, 6.991700923323524e-07)",-0.6178685508530837,0.6175518134715026,0.5174603174603175,0.034424498416050685,0.06455445544554456,0.5072345677061217,0.04462519669801717,0.034424498416050685,0.9800446369961927,"(0.05232636670582683, 0.003719397754277049)",-0.6157709558724787,0.6175130208333334,0.547945205479452,0.0338409475465313,0.06374501992031872,0.5081903150431069,0.052326366705826764,0.0338409475465313,0.9825396825396825
