,Train_pearson,Train_r2,Train_binary_acc,Train_precision,Train_recall,Train_f1,Train_auc,Train_mcc,Train_sensitivity,Train_specificity,Valid_pearson,Valid_r2,Valid_binary_acc,Valid_precision,Valid_recall,Valid_f1,Valid_auc,Valid_mcc,Valid_sensitivity,Valid_specificity
0,"(0.08608904237393297, 9.270262701488565e-22)",-0.7772387482490373,0.579744170984456,0.4438648782911078,0.3770837729478793,0.4077581289218482,0.5414907896658482,0.08608904237393297,0.3770837729478793,0.7058978063838172,"(0.09595895095123008, 9.890696603938041e-08)",-0.7654895187249744,0.5830078125,0.44834307992202727,0.39148936170212767,0.41799182189913675,0.5465617604504314,0.0959589509512301,0.39148936170212767,0.7016341591987348
0,"(0.18829524159028577, 5.90793351098674e-99)",-0.855891125544636,0.5612856217616581,0.45523560209424085,0.7345300950369588,0.5621010101010101,0.5940603737624075,0.1882952415902858,0.7345300950369588,0.4535906524878561,"(0.204934785955616, 1.7410671555592387e-30)",-0.8069132221416486,0.572265625,0.4647058823529412,0.7351945854483926,0.5694626474442989,0.6027824779093814,0.20493478595561598,0.7351945854483926,0.4703703703703704
0,"(0.08445555592863574, 5.34320408970657e-21)",-0.9067014948226098,0.5497085492227979,0.42659667541557306,0.5161973322041076,0.46713929871622917,0.5433260877824837,0.08445555592863575,0.5161973322041076,0.5704548433608598,"(0.10712670808445235, 2.644265417141379e-09)",-0.8496047366392321,0.5611979166666666,0.443656980864635,0.5264928511354079,0.4815384615384616,0.5548024531832111,0.10712670808445245,0.5264928511354079,0.5831120552310144
0,"(0.09340281421167138, 2.4165813867920835e-25)",-0.6771517221881069,0.6032221502590673,0.47074268567141786,0.2644889357218124,0.3386857374173526,0.5395009421608932,0.0934028142116714,0.2644889357218124,0.8145129485999737,"(0.08247455534993473, 4.713699952788729e-06)",-0.6855758432339853,0.6031901041666666,0.45754716981132076,0.2497854077253219,0.3231538034425319,0.5344364899140506,0.08247455534993475,0.2497854077253219,0.8190875721027793
0,"(0.06913978432159819, 1.441824399819173e-14)",-0.6098201876838707,0.6193329015544041,0.5297906602254429,0.06942392909896603,0.12276119402985075,0.5155342422323939,0.06913978432159819,0.06942392909896603,0.9616445553658216,"(0.07103724302574119, 8.1257673465537e-05)",-0.6114950393431406,0.6181640625,0.5416666666666666,0.06582278481012659,0.11738148984198646,0.5154233160934575,0.07103724302574113,0.06582278481012659,0.9650238473767886
